{
    "total_rewards": [
        1.0,
        1.0,
        1.0,
        1.0,
        1.0,
        1.0,
        1.0,
        1.0,
        1.0,
        1.0,
        1.0,
        1.0,
        1.0,
        1.0,
        1.0,
        1.0,
        1.0,
        1.0,
        1.0,
        1.0,
        1.0,
        1.0,
        1.0,
        1.0,
        1.0
    ],
    "num_steps_per_episode": [
        21.0,
        58.0,
        112.0,
        10.0,
        76.0,
        88.0,
        40.0,
        22.0,
        26.0,
        36.0,
        35.0,
        26.0,
        16.0,
        39.0,
        107.0,
        21.0,
        12.0,
        25.0,
        1.0,
        16.0,
        48.0,
        30.0,
        137.0,
        7.0,
        10.0
    ],
    "efficiencies": [
        0.5714285714285714,
        0.29310344827586204,
        0.14285714285714285,
        0.5,
        0.2236842105263158,
        0.1590909090909091,
        0.3,
        0.36363636363636365,
        0.5,
        0.3611111111111111,
        0.4857142857142857,
        0.46153846153846156,
        0.625,
        0.2564102564102564,
        0.1308411214953271,
        0.47619047619047616,
        0.75,
        0.56,
        0.0,
        0.625,
        0.3541666666666667,
        0.3333333333333333,
        0.11678832116788321,
        0.7142857142857143,
        0.5
    ]
}