{
    "num_steps_per_episode": [
        1,
        39,
        89,
        147,
        83,
        85,
        85,
        87,
        31,
        38,
        90,
        66,
        42,
        31,
        39,
        153,
        107,
        45,
        145,
        92,
        69,
        13,
        132,
        67,
        14
    ],
    "efficiencies": [
        1.0,
        0.3333333333333333,
        0.1797752808988764,
        0.11564625850340136,
        0.13253012048192772,
        0.047058823529411764,
        0.12941176470588237,
        0.19540229885057472,
        0.16129032258064516,
        0.10526315789473684,
        0.05555555555555555,
        0.12121212121212122,
        0.40476190476190477,
        0.3225806451612903,
        0.1282051282051282,
        0.11764705882352941,
        0.12149532710280374,
        0.37777777777777777,
        0.1103448275862069,
        0.11956521739130435,
        0.11594202898550725,
        0.6923076923076923,
        0.08333333333333333,
        0.14925373134328357,
        0.35714285714285715
    ]
}