{
    "total_rewards": [
        1.0,
        1.0,
        1.0,
        1.0,
        1.0,
        1.0,
        1.0,
        1.0,
        1.0,
        1.0,
        1.0,
        1.0,
        1.0,
        1.0,
        1.0,
        1.0,
        1.0,
        1.0,
        1.0,
        1.0,
        1.0,
        1.0,
        1.0,
        1.0,
        1.0
    ],
    "num_steps_per_episode": [
        32.0,
        39.0,
        21.0,
        41.0,
        43.0,
        13.0,
        43.0,
        1.0,
        8.0,
        17.0,
        21.0,
        24.0,
        23.0,
        26.0,
        26.0,
        13.0,
        16.0,
        16.0,
        21.0,
        44.0,
        34.0,
        7.0,
        17.0,
        30.0,
        34.0
    ],
    "efficiencies": [
        0.53125,
        0.4358974358974359,
        0.5714285714285714,
        0.3902439024390244,
        0.3488372093023256,
        0.7692307692307693,
        0.3488372093023256,
        0.0,
        0.625,
        0.5882352941176471,
        0.19047619047619047,
        0.4583333333333333,
        0.4782608695652174,
        0.46153846153846156,
        0.38461538461538464,
        0.46153846153846156,
        0.6875,
        0.4375,
        0.5714285714285714,
        0.38636363636363635,
        0.38235294117647056,
        0.7142857142857143,
        0.5882352941176471,
        0.4666666666666667,
        0.35294117647058826
    ]
}