{
    "total_rewards": [
        1.0,
        1.0,
        1.0,
        1.0,
        1.0,
        1.0,
        1.0,
        1.0,
        1.0,
        1.0,
        1.0,
        1.0,
        1.0,
        1.0,
        1.0,
        1.0,
        1.0,
        1.0,
        1.0,
        1.0,
        1.0,
        1.0,
        1.0,
        1.0,
        1.0
    ],
    "num_steps_per_episode": [
        45.0,
        16.0,
        16.0,
        24.0,
        18.0,
        33.0,
        26.0,
        61.0,
        42.0,
        8.0,
        22.0,
        50.0,
        17.0,
        27.0,
        37.0,
        38.0,
        26.0,
        13.0,
        18.0,
        107.0,
        5.0,
        102.0,
        22.0,
        9.0,
        33.0
    ],
    "efficiencies": [
        0.2222222222222222,
        0.4375,
        0.5,
        0.5416666666666666,
        0.6111111111111112,
        0.48484848484848486,
        0.19230769230769232,
        0.22950819672131148,
        0.30952380952380953,
        0.75,
        0.45454545454545453,
        0.2,
        0.47058823529411764,
        0.4074074074074074,
        0.4864864864864865,
        0.34210526315789475,
        0.38461538461538464,
        0.46153846153846156,
        0.6666666666666666,
        0.14018691588785046,
        0.6,
        0.09803921568627451,
        0.6363636363636364,
        0.6666666666666666,
        0.45454545454545453
    ]
}